vampire;Vampire;;;;;;;;;;;;;x
vampire_desc;This character is an unholy vampire, immortal and free from disease, but hated by all but their own kin.;;;;;;;;;;;;;x
werewolf;Werewolf;;;;;;;;;;;;;x
werewolf_desc;This character bears the blood of the wolf, undying and powerful, but cursed with a savage, bestial form that emerges when the moon is full.;;;;;;;;;;;;;x
zombie;[From.GetRevenantTermCap];;;;;;;;;;;;;x
zombie_desc;This abomination is risen from the dead, and has no goals but to devour the flesh of men.;;;;;;;;;;;;;x
mummy;Mummy;;;;;;;;;;;;;x
mummy_desc;Entombed and preserved long ago by the Egyptians, some force has brought this corpse back to life.;;;;;;;;;;;;;x
djinn;Djinn;;;;;;;;;;;;;x
djinn_desc;Said to be made from fire as men were made from clay, these beings have many powers, though they usually do not meddle in human affairs.;;;;;;;;;;;;;x
god;God;;;;;;;;;;;;;x
god_desc;This character is imbued with divine power. Immortal and powerful beyond most human imagination, these beings are literal gods among men.;;;;;;;;;;;;;x
blood_of_the_gods;Blood of the Gods;;;;;;;;;;;;;x
blood_of_the_gods_desc;This character was not directly born of a god, but some of that powerful blood still remains.;;;;;;;;;;;;;x
demi_god;Demi-god;;;;;;;;;;;;;x
demi_god_desc;While not a true god, this character possesses a substantial amount of divine blood. Demi-gods may not live forever, but they are a cut above other men in almost every way.;;;;;;;;;;;;;x
pup;Wolf-blooded;;;;;;;;;;;;;x
pup_desc;This child has shown signs of sharing the blood of the wolf.;;;;;;;;;;;;;x
fledgling;Fledgling;;;;;;;;;;;;;x
fledgling_desc;This child is the spawn of a vampire. It is not yet above diseases and even death, but will mature in time.;;;;;;;;;;;;;x
half_giant;Half-Giant;;;;;;;;;;;;;x
half_giant_desc;This character is the child of a giant and a non-giant. An imposing sight, though perhaps not as tactful as most, half-giants are formidable opponents in combat.;;;;;;;;;;;;;x
heldragon;Hel Dragon;;;;;;;;;;;;;x
heldragon_desc;Unlike most dragons, this unique bloodline cares little for the "lesser races". They are the archetypical dragon tyrants, and seek to make the world bow. They are notorious for having a strong grasp on dark magics.;;;;;;;;;;;;;x
dragon;Dragon;;;;;;;;;;;;;x
dragon_desc;This character is a mighty dragon, powerful and very long lived. Dragons are wise, persuasive, and have a particular fondness for hoarding wealth. ;;;;;;;;;;;;;x
dragonborn;Dragonborn;;;;;;;;;;;;;x
dragonborn_desc;This character, though human, bears the blood of dragons and a small portion of their strength and wisdom.;;;;;;;;;;;;;x
son_of_solomon;Son of Solomon;;;;;;;;;;;;;x
son_of_solomon_desc;This character is the leader of the resurrected Legion of Solomon.;;;;;;;;;;;;;x
monster_hunter;Monster Hunter;;;;;;;;;;;;;x
monster_hunter_desc;This character has dedicated his life to the eradication of all monstrous creatures.;;;;;;;;;;;;;x
novice_mage;Novice Mage;;;;;;;;;;;;;x
novice_mage_desc;The Novice Mage has dabbled in the arcane, but never learned much.;;;;;;;;;;;;;x
eldritch_scholar;Eldritch Scholar;;;;;;;;;;;;;x
eldritch_scholar_desc;The Eldritch Scholar is well-versed in the wizarding arts, and can perform a range of spells.;;;;;;;;;;;;;x
eldritch_scholar_death;of magical decay.;;;;;;;;;;;;;x
veteran_wizard;Veteran Wizard;;;;;;;;;;;;;x
veteran_wizard_desc;Few powers elude the Veteran Wizard, but their exercise takes a toll on the body.;;;;;;;;;;;;;x
veteran_wizard_death;of magical decay.;;;;;;;;;;;;;x
arcane_master;Arcane Master;;;;;;;;;;;;;x
arcane_master_desc;The Arcane Master is a wizard of unparalleled power. This character can perform miraculous feats, though at great cost.;;;;;;;;;;;;;x
arcane_master_death;of magical decay.;;;;;;;;;;;;;x
magic_heritage;Magic Hertiage;;;;;;;;;;;;;
magic_heritage_desc;This character's bloodline has a history of magical ability.  They may learn magic even if it would be otherwise unavailable, and they may pass this on to their children.;;;;;;;;;;;;;
mythos_giant;Giant;;;;;;;;;;;;;x
mythos_giant_desc;Twice over the height of men and tougher as well, the northern Giants are a fearsome sight in combat, though they lack the wisdom of common men.;;;;;;;;;;;;;x
bad_priest_draconic;Unworthy Priest;Prêtre abject;Der unwürdige Priester;;Sacerdote indigno;;;;;;;;;x
bad_priest_draconic_desc;The personality and wealth of this priest are very inappropriate for [GetHerHis] position. And what's worse, [GetSheHe] has been unable to hide them from public view.;La personnalité et la richesse de ce prêtre sont très inappropriées pour quelqu'un de sa fonction. Pire encore, [GetSheHe] est incapable de commettre ses actes impies discrètement.;Die Persönlichkeit und Reichtum des Priesters sind äußerst unpassend für Stand. Auch vermag [GetSheHe] es keineswegs, seine schlechten Eigenschaften vor der Allgemeinheit zu verbergen.;;La personalidad y riqueza de este sacerdote son muy inapropiados para esta posición. Y lo peor es que no es capaz de esconderlos en público.;;;;;;;;;x
bad_priest_voodoo;Wicked Priest;Prêtre impie;Der gottlose Priester;;Sacerdote malvado;;;;;;;;;x
bad_priest_voodoo_desc;The personality and habits of this priest are very inappropriate for [GetHerHis] position. And what's worse, [GetSheHe] has been unable to hide them from public view.;La personnalité et les mœurs de ce prêtre sont très inappropriées pour quelqu'un de sa fonction. Pire encore, [GetSheHe] est incapable de commettre ses actes impies discrètement.;Die Persönlichkeit und Gewohnheiten des Priesters sind äußerst unpassend für [GetHerHis] Stand. Auch vermag [GetSheHe] es keineswegs, seine schlechten Eigenschaften vor der Allgemeinheit zu verbergen.;;La personalidad y hábitos de este sacerdote son muy inapropiados para esta posición. Y lo peor es que no es capaz de esconderlos en público.;;;;;;;;;x
bad_priest_druidic;Wicked Druid;Prêtre impie;Der gottlose Priester;;Sacerdote malvado;;;;;;;;;x
bad_priest_druidic_desc;The personality and habits of this priest are very inappropriate for [GetHerHis] position. And what's worse, [GetSheHe] has been unable to hide them from public view.;La personnalité et les mœurs de ce prêtre sont très inappropriées pour quelqu'un de sa fonction. Pire encore, [GetSheHe] est incapable de commettre ses actes impies discrètement.;Die Persönlichkeit und Gewohnheiten des Priesters sind äußerst unpassend für [GetHerHis] Stand. Auch vermag [GetSheHe] es keineswegs, seine schlechten Eigenschaften vor der Allgemeinheit zu verbergen.;;La personalidad y hábitos de este sacerdote son muy inapropiados para esta posición. Y lo peor es que no es capaz de esconderlos en público.;;;;;;;;;x
bad_priest_kemetic;Wicked Priest;Prêtre impie;Der gottlose Priester;;Sacerdote malvado;;;;;;;;;x
bad_priest_kemetic_desc;The personality and habits of this priest are very inappropriate for [GetHerHis] position. And what's worse, [GetSheHe] has been unable to hide them from public view.;La personnalité et les mœurs de ce prêtre sont très inappropriées pour quelqu'un de sa fonction. Pire encore, [GetSheHe] est incapable de commettre ses actes impies discrètement.;Die Persönlichkeit und Gewohnheiten des Priesters sind äußerst unpassend für [GetHerHis] Stand. Auch vermag [GetSheHe] es keineswegs, seine schlechten Eigenschaften vor der Allgemeinheit zu verbergen.;;La personalidad y hábitos de este sacerdote son muy inapropiados para esta posición. Y lo peor es que no es capaz de esconderlos en público.;;;;;;;;;x
bad_priest_jotnar;Unworthy Priest;Godi abject;Der unwürdige Priester;;Sacerdote indigno;;;;;;;;;x
bad_priest_jotnar_desc;The personality and habits of this priest are very inappropriate for [GetHerHis] position. And what's worse, [GetSheHe] has been unable to hide them from public view.;La personnalité et les mœurs de ce godi sont très inappropriées pour quelqu'un de sa fonction. Pire encore, [GetSheHe] est incapable de commettre ses actes impies discrètement.;Die Persönlichkeit und Gewohnheiten des Priesters sind äußerst unpassend für Stand. Auch vermag [GetSheHe] es keineswegs, seine schlechten Eigenschaften vor der Allgemeinheit zu verbergen.;;La personalidad y hábitos de este sacerdote son muy inapropiados para esta posición. Y lo peor es que no es capaz de esconderlos en público.;;;;;;;;;x
bad_priest_hellenic;Wicked Priest;Prêtre impie;Der gottlose Priester;;Sacerdote malvado;;;;;;;;;x
bad_priest_hellenic_desc;The personality and habits of this priest are very inappropriate for [GetHerHis] position. And what's worse, [GetSheHe] has been unable to hide them from public view.;La personnalité et les mœurs de ce prêtre sont très inappropriées pour quelqu'un de sa fonction. Pire encore, [GetSheHe] est incapable de commettre ses actes impies discrètement.;Die Persönlichkeit und Gewohnheiten des Priesters sind äußerst unpassend für [GetHerHis] Stand. Auch vermag [GetSheHe] es keineswegs, seine schlechten Eigenschaften vor der Allgemeinheit zu verbergen.;;La personalidad y hábitos de este sacerdote son muy inapropiados para esta posición. Y lo peor es que no es capaz de esconderlos en público.;;;;;;;;;x
bad_priest_satanist;Wicked Priest;Prêtre impie;Der gottlose Priester;;Sacerdote malvado;;;;;;;;;x
bad_priest_satanist_desc;The personality and habits of this priest are very inappropriate for [GetHerHis] position. And what's worse, [GetSheHe] has been unable to hide them from public view.;La personnalité et les mœurs de ce prêtre sont très inappropriées pour quelqu'un de sa fonction. Pire encore, [GetSheHe] est incapable de commettre ses actes impies discrètement.;Die Persönlichkeit und Gewohnheiten des Priesters sind äußerst unpassend für [GetHerHis] Stand. Auch vermag [GetSheHe] es keineswegs, seine schlechten Eigenschaften vor der Allgemeinheit zu verbergen.;;La personalidad y hábitos de este sacerdote son muy inapropiados para esta posición. Y lo peor es que no es capaz de esconderlos en público.;;;;;;;;;x
secret_werewolf;Secret Werewolf;;;;;;;;;;;;;
secret_werewolf_desc;Your identity as a werewolf is still a secret from the public at large.;;;;;;;;;;;;;
known_werewolf;Known Werewolf;;;;;;;;;;;;;
known_werewolf_desc;This character has been exposed and everyone knows what kind of monster [Root.GetSheHe] is.;;;;;;;;;;;;;
secret_vampire;Secret Vampire;;;;;;;;;;;;;
secret_vampire_desc;Your identity as a vampire is still a secret from the public at large.;;;;;;;;;;;;;
known_vampire;Known Vampire;;;;;;;;;;;;;
known_vampire_desc;This character has been exposed and everyone knows what kind of monster [Root.GetSheHe] is.;;;;;;;;;;;;;
infertile;Infertile;;;;;;;;;;;;;
infertile_desc;This character is post-menopausal and can no longer bear children.;;;;;;;;;;;;;
on_journey;On Journey;;;;;;;;;;;;;
on_journey_desc;This character is on a long journey, leaving their realm in the hands of a reagent.;;;;;;;;;;;;;
summoner;Summoner;;;;;;;;;;;;;
summoner_desc;This character is an magician capable of summoning beings from other lands;;;;;;;;;;;;;
alchemist;Alchemist;;;;;;;;;;;;;
alchemist_desc;This character has mastered the art of transmuting metal to gold and understands the hermetic secrets.;;;;;;;;;;;;;
enchanter;Enchanter;;;;;;;;;;;;;
enchanter_desc;This character is learned in the magical ways of altering people's minds and perceptions;;;;;;;;;;;;;
herbalist;Herbalist;;;;;;;;;;;;;
herbalist_desc;This character is learned in the effects of local plant life.;;;;;;;;;;;;;
necromancer;Necromancer;;;;;;;;;;;;;
necromancer_desc;This character is learned is the art of the reanimation of the dead.;;;;;;;;;;;;;
miracle_worker;Miracle Worker;;;;;;;;;;;;;
miracle_worker_desc;This character is a known worker of miracles.;;;;;;;;;;;;;
demon_trait;Demon;;;;;;;;;;;;;
demon_trait_desc;An unclean spirit of a being who has fallen from grace.  They delight in temping of mortals into eternal damnation.;;;;;;;;;;;;;
ethereal_trait;Ethereal;;;;;;;;;;;;;
ethereal_trait_desc;A mysterious spirit with a transparent body of magic.;;;;;;;;;;;;;
claw_of_fafnir;Claw of Fafnir;;;;;;;;;;;;;
claw_of_fafnir_desc;This character is a champion of dragon-kind, fighting in the draconic holy wars.;;;;;;;;;;;;;
hell_knight;Hell Knight;;;;;;;;;;;;;
hell_knight_desc;Fighting as a satanic legion on earth, this character has fought as a champion of Lucifer.;;;;;;;;;;;;;
spear_of_lugh;Spear of Lugh;;;;;;;;;;;;;
spear_of_lugh_desc;Fighting for the Celtic faith, this character acts as the long arm of Lugh.;;;;;;;;;;;;;
surtrs_fire;Surtr's Fire;;;;;;;;;;;;;
surtrs_fire_desc;Fighting as part of Surtr's host, this character has acted to hasten the twilight of the gods by fighting for the Jotunn faith.;;;;;;;;;;;;;
lion_of_menhit;Lion of Menhit;;;;;;;;;;;;;
lion_of_menhit_desc;Fighting with the ferocity of a lion, this character has fought for the gods of Egypt.;;;;;;;;;;;;;
zombie_infection;Zombie Infection;;;;;;;;;;;;;
zombie_infection_desc;This character has been infected with the plague of undeath.;;;;;;;;;;;;;
flametender;Flametender;;;;;;;;;;;;;
flametender_desc;This character has lent their inner fire to one of the eternal flames.;;;;;;;;;;;;;
ascetic;Ascetic;;;;;;;;;;;;;
ascetic_desc;This character abstains from the accumulation of worldly possessions and focuses instead on spiritual matters;;;;;;;;;;;;;
purity_plus_1;Purity: §G+1§!;;;;;;;;;;;;;
purity_down_3;Purity: §R-3§!;;;;;;;;;;;;;
purity_0x0;Purity (§Y0§!);;;;;;;;;;;;;
purity_0x1;Purity (§Y0§!);;;;;;;;;;;;;
purity_0x2;Purity (§Y0§!);;;;;;;;;;;;;
purity_0x3;Purity (§Y0§!);;;;;;;;;;;;;
purity_0x4;Purity (§Y0§!);;;;;;;;;;;;;
purity_0x5;Purity (§Y0§!);;;;;;;;;;;;;
purity_0x6;Purity (§Y0§!);;;;;;;;;;;;;
purity_0x7;Purity (§Y0§!);;;;;;;;;;;;;
purity_0x8;Purity (§Y0§!);;;;;;;;;;;;;
purity_0x9;Purity (§Y0§!);;;;;;;;;;;;;
purity_0x0_desc;This character has taken no effort to purify their soul.\n[GetPurityTooltip];;;;;;;;;;;;;
purity_0x1_desc;This character has taken no effort to purify their soul.\n[GetPurityTooltip];;;;;;;;;;;;;
purity_0x2_desc;This character has taken no effort to purify their soul.\n[GetPurityTooltip];;;;;;;;;;;;;
purity_0x3_desc;This character has taken no effort to purify their soul.\n[GetPurityTooltip];;;;;;;;;;;;;
purity_0x4_desc;This character has taken no effort to purify their soul.\n[GetPurityTooltip];;;;;;;;;;;;;
purity_0x5_desc;This character has taken no effort to purify their soul.\n[GetPurityTooltip];;;;;;;;;;;;;
purity_0x6_desc;This character has taken no effort to purify their soul.\n[GetPurityTooltip];;;;;;;;;;;;;
purity_0x7_desc;This character has taken no effort to purify their soul.\n[GetPurityTooltip];;;;;;;;;;;;;
purity_0x8_desc;This character has taken no effort to purify their soul.\n[GetPurityTooltip];;;;;;;;;;;;;
purity_0x9_desc;This character has taken no effort to purify their soul.\n[GetPurityTooltip];;;;;;;;;;;;;
purity_1x0;Purity (§G1§!);;;;;;;;;;;;;
purity_1x1;Purity (§G1§!);;;;;;;;;;;;;
purity_1x2;Purity (§G1§!);;;;;;;;;;;;;
purity_1x3;Purity (§G1§!);;;;;;;;;;;;;
purity_1x4;Purity (§G1§!);;;;;;;;;;;;;
purity_1x5;Purity (§G1§!);;;;;;;;;;;;;
purity_1x6;Purity (§G1§!);;;;;;;;;;;;;
purity_1x7;Purity (§G1§!);;;;;;;;;;;;;
purity_1x8;Purity (§G1§!);;;;;;;;;;;;;
purity_1x9;Purity (§G1§!);;;;;;;;;;;;;
purity_1x0_desc;This character has taken the barest effort to purify their soul.\n[GetPurityTooltip];;;;;;;;;;;;;
purity_1x1_desc;This character has taken the barest effort to purify their soul.\n[GetPurityTooltip];;;;;;;;;;;;;
purity_1x2_desc;This character has taken the barest effort to purify their soul.\n[GetPurityTooltip];;;;;;;;;;;;;
purity_1x3_desc;This character has taken the barest effort to purify their soul.\n[GetPurityTooltip];;;;;;;;;;;;;
purity_1x4_desc;This character has taken the barest effort to purify their soul.\n[GetPurityTooltip];;;;;;;;;;;;;
purity_1x5_desc;This character has taken the barest effort to purify their soul.\n[GetPurityTooltip];;;;;;;;;;;;;
purity_1x6_desc;This character has taken the barest effort to purify their soul.\n[GetPurityTooltip];;;;;;;;;;;;;
purity_1x7_desc;This character has taken the barest effort to purify their soul.\n[GetPurityTooltip];;;;;;;;;;;;;
purity_1x8_desc;This character has taken the barest effort to purify their soul.\n[GetPurityTooltip];;;;;;;;;;;;;
purity_1x9_desc;This character has taken the barest effort to purify their soul.\n[GetPurityTooltip];;;;;;;;;;;;;
purity_2x0;Purity (§G2§!);;;;;;;;;;;;;
purity_2x1;Purity (§G2§!);;;;;;;;;;;;;
purity_2x2;Purity (§G2§!);;;;;;;;;;;;;
purity_2x3;Purity (§G2§!);;;;;;;;;;;;;
purity_2x4;Purity (§G2§!);;;;;;;;;;;;;
purity_2x5;Purity (§G2§!);;;;;;;;;;;;;
purity_2x6;Purity (§G2§!);;;;;;;;;;;;;
purity_2x7;Purity (§G2§!);;;;;;;;;;;;;
purity_2x8;Purity (§G2§!);;;;;;;;;;;;;
purity_2x9;Purity (§G2§!);;;;;;;;;;;;;
purity_2x0_desc;This character has taken little effort to purify their soul.\n[GetPurityTooltip];;;;;;;;;;;;;
purity_2x1_desc;This character has taken little effort to purify their soul.\n[GetPurityTooltip];;;;;;;;;;;;;
purity_2x2_desc;This character has taken little effort to purify their soul.\n[GetPurityTooltip];;;;;;;;;;;;;
purity_2x3_desc;This character has taken little effort to purify their soul.\n[GetPurityTooltip];;;;;;;;;;;;;
purity_2x4_desc;This character has taken little effort to purify their soul.\n[GetPurityTooltip];;;;;;;;;;;;;
purity_2x5_desc;This character has taken little effort to purify their soul.\n[GetPurityTooltip];;;;;;;;;;;;;
purity_2x6_desc;This character has taken little effort to purify their soul.\n[GetPurityTooltip];;;;;;;;;;;;;
purity_2x7_desc;This character has taken little effort to purify their soul.\n[GetPurityTooltip];;;;;;;;;;;;;
purity_2x8_desc;This character has taken little effort to purify their soul.\n[GetPurityTooltip];;;;;;;;;;;;;
purity_2x9_desc;This character has taken little effort to purify their soul.\n[GetPurityTooltip];;;;;;;;;;;;;
purity_3x0;Purity (§G3§!);;;;;;;;;;;;;
purity_3x1;Purity (§G3§!);;;;;;;;;;;;;
purity_3x2;Purity (§G3§!);;;;;;;;;;;;;
purity_3x3;Purity (§G3§!);;;;;;;;;;;;;
purity_3x4;Purity (§G3§!);;;;;;;;;;;;;
purity_3x5;Purity (§G3§!);;;;;;;;;;;;;
purity_3x6;Purity (§G3§!);;;;;;;;;;;;;
purity_3x7;Purity (§G3§!);;;;;;;;;;;;;
purity_3x8;Purity (§G3§!);;;;;;;;;;;;;
purity_3x9;Purity (§G3§!);;;;;;;;;;;;;
purity_3x0_desc;This character has taken some effort to purify their soul.\n[GetPurityTooltip];;;;;;;;;;;;;
purity_3x1_desc;This character has taken some effort to purify their soul.\n[GetPurityTooltip];;;;;;;;;;;;;
purity_3x2_desc;This character has taken some effort to purify their soul.\n[GetPurityTooltip];;;;;;;;;;;;;
purity_3x3_desc;This character has taken some effort to purify their soul.\n[GetPurityTooltip];;;;;;;;;;;;;
purity_3x4_desc;This character has taken some effort to purify their soul.\n[GetPurityTooltip];;;;;;;;;;;;;
purity_3x5_desc;This character has taken some effort to purify their soul.\n[GetPurityTooltip];;;;;;;;;;;;;
purity_3x6_desc;This character has taken some effort to purify their soul.\n[GetPurityTooltip];;;;;;;;;;;;;
purity_3x7_desc;This character has taken some effort to purify their soul.\n[GetPurityTooltip];;;;;;;;;;;;;
purity_3x8_desc;This character has taken some effort to purify their soul.\n[GetPurityTooltip];;;;;;;;;;;;;
purity_3x9_desc;This character has taken some effort to purify their soul.\n[GetPurityTooltip];;;;;;;;;;;;;
purity_4x0;Purity (§G4§!);;;;;;;;;;;;;
purity_4x1;Purity (§G4§!);;;;;;;;;;;;;
purity_4x2;Purity (§G4§!);;;;;;;;;;;;;
purity_4x3;Purity (§G4§!);;;;;;;;;;;;;
purity_4x4;Purity (§G4§!);;;;;;;;;;;;;
purity_4x5;Purity (§G4§!);;;;;;;;;;;;;
purity_4x6;Purity (§G4§!);;;;;;;;;;;;;
purity_4x7;Purity (§G4§!);;;;;;;;;;;;;
purity_4x8;Purity (§G4§!);;;;;;;;;;;;;
purity_4x9;Purity (§G4§!);;;;;;;;;;;;;
purity_4x0_desc;This character has worked to purify their soul.\n[GetPurityTooltip];;;;;;;;;;;;;
purity_4x1_desc;This character has worked to purify their soul.\n[GetPurityTooltip];;;;;;;;;;;;;
purity_4x2_desc;This character has worked to purify their soul.\n[GetPurityTooltip];;;;;;;;;;;;;
purity_4x3_desc;This character has worked to purify their soul.\n[GetPurityTooltip];;;;;;;;;;;;;
purity_4x4_desc;This character has worked to purify their soul.\n[GetPurityTooltip];;;;;;;;;;;;;
purity_4x5_desc;This character has worked to purify their soul.\n[GetPurityTooltip];;;;;;;;;;;;;
purity_4x6_desc;This character has worked to purify their soul.\n[GetPurityTooltip];;;;;;;;;;;;;
purity_4x7_desc;This character has worked to purify their soul.\n[GetPurityTooltip];;;;;;;;;;;;;
purity_4x8_desc;This character has worked to purify their soul.\n[GetPurityTooltip];;;;;;;;;;;;;
purity_4x9_desc;This character has worked to purify their soul.\n[GetPurityTooltip];;;;;;;;;;;;;
purity_5x0;Purity (§G5§!);;;;;;;;;;;;;
purity_5x1;Purity (§G5§!);;;;;;;;;;;;;
purity_5x2;Purity (§G5§!);;;;;;;;;;;;;
purity_5x3;Purity (§G5§!);;;;;;;;;;;;;
purity_5x4;Purity (§G5§!);;;;;;;;;;;;;
purity_5x5;Purity (§G5§!);;;;;;;;;;;;;
purity_5x6;Purity (§G5§!);;;;;;;;;;;;;
purity_5x7;Purity (§G5§!);;;;;;;;;;;;;
purity_5x8;Purity (§G5§!);;;;;;;;;;;;;
purity_5x9;Purity (§G5§!);;;;;;;;;;;;;
purity_5x0_desc;This character has strengthened their soul.\n[GetPurityTooltip];;;;;;;;;;;;;
purity_5x1_desc;This character has strengthened their soul.\n[GetPurityTooltip];;;;;;;;;;;;;
purity_5x2_desc;This character has strengthened their soul.\n[GetPurityTooltip];;;;;;;;;;;;;
purity_5x3_desc;This character has strengthened their soul.\n[GetPurityTooltip];;;;;;;;;;;;;
purity_5x4_desc;This character has strengthened their soul.\n[GetPurityTooltip];;;;;;;;;;;;;
purity_5x5_desc;This character has strengthened their soul.\n[GetPurityTooltip];;;;;;;;;;;;;
purity_5x6_desc;This character has strengthened their soul.\n[GetPurityTooltip];;;;;;;;;;;;;
purity_5x7_desc;This character has strengthened their soul.\n[GetPurityTooltip];;;;;;;;;;;;;
purity_5x8_desc;This character has strengthened their soul.\n[GetPurityTooltip];;;;;;;;;;;;;
purity_5x9_desc;This character has strengthened their soul.\n[GetPurityTooltip];;;;;;;;;;;;;
purity_6x0;Purity (§G6§!);;;;;;;;;;;;;
purity_6x1;Purity (§G6§!);;;;;;;;;;;;;
purity_6x2;Purity (§G6§!);;;;;;;;;;;;;
purity_6x3;Purity (§G6§!);;;;;;;;;;;;;
purity_6x4;Purity (§G6§!);;;;;;;;;;;;;
purity_6x5;Purity (§G6§!);;;;;;;;;;;;;
purity_6x6;Purity (§G6§!);;;;;;;;;;;;;
purity_6x7;Purity (§G6§!);;;;;;;;;;;;;
purity_6x8;Purity (§G6§!);;;;;;;;;;;;;
purity_6x9;Purity (§G6§!);;;;;;;;;;;;;
purity_6x0_desc;This character is working to remove their soul's few imperfections.\n[GetPurityTooltip];;;;;;;;;;;;;
purity_6x1_desc;This character is working to remove their soul's few imperfections.\n[GetPurityTooltip];;;;;;;;;;;;;
purity_6x2_desc;This character is working to remove their soul's few imperfections.\n[GetPurityTooltip];;;;;;;;;;;;;
purity_6x3_desc;This character is working to remove their soul's few imperfections.\n[GetPurityTooltip];;;;;;;;;;;;;
purity_6x4_desc;This character is working to remove their soul's few imperfections.\n[GetPurityTooltip];;;;;;;;;;;;;
purity_6x5_desc;This character is working to remove their soul's few imperfections.\n[GetPurityTooltip];;;;;;;;;;;;;
purity_6x6_desc;This character is working to remove their soul's few imperfections.\n[GetPurityTooltip];;;;;;;;;;;;;
purity_6x7_desc;This character is working to remove their soul's few imperfections.\n[GetPurityTooltip];;;;;;;;;;;;;
purity_6x8_desc;This character is working to remove their soul's few imperfections.\n[GetPurityTooltip];;;;;;;;;;;;;
purity_6x9_desc;This character is working to remove their soul's few imperfections.\n[GetPurityTooltip];;;;;;;;;;;;;
purity_7x0;Purity (§G7§!);;;;;;;;;;;;;
purity_7x1;Purity (§G7§!);;;;;;;;;;;;;
purity_7x2;Purity (§G7§!);;;;;;;;;;;;;
purity_7x3;Purity (§G7§!);;;;;;;;;;;;;
purity_7x4;Purity (§G7§!);;;;;;;;;;;;;
purity_7x5;Purity (§G7§!);;;;;;;;;;;;;
purity_7x6;Purity (§G7§!);;;;;;;;;;;;;
purity_7x7;Purity (§G7§!);;;;;;;;;;;;;
purity_7x8;Purity (§G7§!);;;;;;;;;;;;;
purity_7x9;Purity (§G7§!);;;;;;;;;;;;;
purity_7x0_desc;This character's soul has few imperfections.\n[GetPurityTooltip];;;;;;;;;;;;;
purity_7x1_desc;This character's soul has few imperfections.\n[GetPurityTooltip];;;;;;;;;;;;;
purity_7x2_desc;This character's soul has few imperfections.\n[GetPurityTooltip];;;;;;;;;;;;;
purity_7x3_desc;This character's soul has few imperfections.\n[GetPurityTooltip];;;;;;;;;;;;;
purity_7x4_desc;This character's soul has few imperfections.\n[GetPurityTooltip];;;;;;;;;;;;;
purity_7x5_desc;This character's soul has few imperfections.\n[GetPurityTooltip];;;;;;;;;;;;;
purity_7x6_desc;This character's soul has few imperfections.\n[GetPurityTooltip];;;;;;;;;;;;;
purity_7x7_desc;This character's soul has few imperfections.\n[GetPurityTooltip];;;;;;;;;;;;;
purity_7x8_desc;This character's soul has few imperfections.\n[GetPurityTooltip];;;;;;;;;;;;;
purity_7x9_desc;This character's soul has few imperfections.\n[GetPurityTooltip];;;;;;;;;;;;;
purity_8x0;Purity (§G8§!);;;;;;;;;;;;;
purity_8x1;Purity (§G8§!);;;;;;;;;;;;;
purity_8x2;Purity (§G8§!);;;;;;;;;;;;;
purity_8x3;Purity (§G8§!);;;;;;;;;;;;;
purity_8x4;Purity (§G8§!);;;;;;;;;;;;;
purity_8x5;Purity (§G8§!);;;;;;;;;;;;;
purity_8x6;Purity (§G8§!);;;;;;;;;;;;;
purity_8x7;Purity (§G8§!);;;;;;;;;;;;;
purity_8x8;Purity (§G8§!);;;;;;;;;;;;;
purity_8x9;Purity (§G8§!);;;;;;;;;;;;;
purity_8x0_desc;The purity of this character's soul is beyond doubt.\n[GetPurityTooltip];;;;;;;;;;;;;
purity_8x1_desc;The purity of this character's soul is beyond doubt.\n[GetPurityTooltip];;;;;;;;;;;;;
purity_8x2_desc;The purity of this character's soul is beyond doubt.\n[GetPurityTooltip];;;;;;;;;;;;;
purity_8x3_desc;The purity of this character's soul is beyond doubt.\n[GetPurityTooltip];;;;;;;;;;;;;
purity_8x4_desc;The purity of this character's soul is beyond doubt.\n[GetPurityTooltip];;;;;;;;;;;;;
purity_8x5_desc;The purity of this character's soul is beyond doubt.\n[GetPurityTooltip];;;;;;;;;;;;;
purity_8x6_desc;The purity of this character's soul is beyond doubt.\n[GetPurityTooltip];;;;;;;;;;;;;
purity_8x7_desc;The purity of this character's soul is beyond doubt.\n[GetPurityTooltip];;;;;;;;;;;;;
purity_8x8_desc;The purity of this character's soul is beyond doubt.\n[GetPurityTooltip];;;;;;;;;;;;;
purity_8x9_desc;The purity of this character's soul is beyond doubt.\n[GetPurityTooltip];;;;;;;;;;;;;
purity_9x0;Purity (§G9§!);;;;;;;;;;;;;
purity_9x1;Purity (§G9§!);;;;;;;;;;;;;
purity_9x2;Purity (§G9§!);;;;;;;;;;;;;
purity_9x3;Purity (§G9§!);;;;;;;;;;;;;
purity_9x4;Purity (§G9§!);;;;;;;;;;;;;
purity_9x5;Purity (§G9§!);;;;;;;;;;;;;
purity_9x6;Purity (§G9§!);;;;;;;;;;;;;
purity_9x7;Purity (§G9§!);;;;;;;;;;;;;
purity_9x8;Purity (§G9§!);;;;;;;;;;;;;
purity_9x9;Purity (§G9§!);;;;;;;;;;;;;
purity_9x0_desc;This character's soul is pure.\n[GetPurityTooltip];;;;;;;;;;;;;
purity_9x1_desc;This character's soul is pure.\n[GetPurityTooltip];;;;;;;;;;;;;
purity_9x2_desc;This character's soul is pure.\n[GetPurityTooltip];;;;;;;;;;;;;
purity_9x3_desc;This character's soul is pure.\n[GetPurityTooltip];;;;;;;;;;;;;
purity_9x4_desc;This character's soul is pure.\n[GetPurityTooltip];;;;;;;;;;;;;
purity_9x5_desc;This character's soul is pure.\n[GetPurityTooltip];;;;;;;;;;;;;
purity_9x6_desc;This character's soul is pure.\n[GetPurityTooltip];;;;;;;;;;;;;
purity_9x7_desc;This character's soul is pure.\n[GetPurityTooltip];;;;;;;;;;;;;
purity_9x8_desc;This character's soul is pure.\n[GetPurityTooltip];;;;;;;;;;;;;
purity_9x9_desc;This character's soul is pure.\n[GetPurityTooltip];;;;;;;;;;;;;
purity_10;Purity (§G10§!);;;;;;;;;;;;;
purity_10_desc;This character's soul is pristine.\n[GetPurityTooltip];;;;;;;;;;;;;
purity_minus1x0;Purity (§R-1§!);;;;;;;;;;;;;
purity_minus1x1;Purity (§R-1§!);;;;;;;;;;;;;
purity_minus1x2;Purity (§R-1§!);;;;;;;;;;;;;
purity_minus1x3;Purity (§R-1§!);;;;;;;;;;;;;
purity_minus1x4;Purity (§R-1§!);;;;;;;;;;;;;
purity_minus1x5;Purity (§R-1§!);;;;;;;;;;;;;
purity_minus1x6;Purity (§R-1§!);;;;;;;;;;;;;
purity_minus1x7;Purity (§R-1§!);;;;;;;;;;;;;
purity_minus1x8;Purity (§R-1§!);;;;;;;;;;;;;
purity_minus1x9;Purity (§R-1§!);;;;;;;;;;;;;
purity_minus1x0_desc;This character's soul has some flaws.\n[GetPurityTooltip];;;;;;;;;;;;;
purity_minus1x1_desc;This character's soul has some flaws.\n[GetPurityTooltip];;;;;;;;;;;;;
purity_minus1x2_desc;This character's soul has some flaws.\n[GetPurityTooltip];;;;;;;;;;;;;
purity_minus1x3_desc;This character's soul has some flaws.\n[GetPurityTooltip];;;;;;;;;;;;;
purity_minus1x4_desc;This character's soul has some flaws.\n[GetPurityTooltip];;;;;;;;;;;;;
purity_minus1x5_desc;This character's soul has some flaws.\n[GetPurityTooltip];;;;;;;;;;;;;
purity_minus1x6_desc;This character's soul has some flaws.\n[GetPurityTooltip];;;;;;;;;;;;;
purity_minus1x7_desc;This character's soul has some flaws.\n[GetPurityTooltip];;;;;;;;;;;;;
purity_minus1x8_desc;This character's soul has some flaws.\n[GetPurityTooltip];;;;;;;;;;;;;
purity_minus1x9_desc;This character's soul has some flaws.\n[GetPurityTooltip];;;;;;;;;;;;;
purity_minus2x0;Purity (§R-2§!);;;;;;;;;;;;;
purity_minus2x1;Purity (§R-2§!);;;;;;;;;;;;;
purity_minus2x2;Purity (§R-2§!);;;;;;;;;;;;;
purity_minus2x3;Purity (§R-2§!);;;;;;;;;;;;;
purity_minus2x4;Purity (§R-2§!);;;;;;;;;;;;;
purity_minus2x5;Purity (§R-2§!);;;;;;;;;;;;;
purity_minus2x6;Purity (§R-2§!);;;;;;;;;;;;;
purity_minus2x7;Purity (§R-2§!);;;;;;;;;;;;;
purity_minus2x8;Purity (§R-2§!);;;;;;;;;;;;;
purity_minus2x9;Purity (§R-2§!);;;;;;;;;;;;;
purity_minus2x0_desc;This character's soul is marred by sin.\n[GetPurityTooltip];;;;;;;;;;;;;
purity_minus2x1_desc;This character's soul is marred by sin.\n[GetPurityTooltip];;;;;;;;;;;;;
purity_minus2x2_desc;This character's soul is marred by sin.\n[GetPurityTooltip];;;;;;;;;;;;;
purity_minus2x3_desc;This character's soul is marred by sin.\n[GetPurityTooltip];;;;;;;;;;;;;
purity_minus2x4_desc;This character's soul is marred by sin.\n[GetPurityTooltip];;;;;;;;;;;;;
purity_minus2x5_desc;This character's soul is marred by sin.\n[GetPurityTooltip];;;;;;;;;;;;;
purity_minus2x6_desc;This character's soul is marred by sin.\n[GetPurityTooltip];;;;;;;;;;;;;
purity_minus2x7_desc;This character's soul is marred by sin.\n[GetPurityTooltip];;;;;;;;;;;;;
purity_minus2x8_desc;This character's soul is marred by sin.\n[GetPurityTooltip];;;;;;;;;;;;;
purity_minus2x9_desc;This character's soul is marred by sin.\n[GetPurityTooltip];;;;;;;;;;;;;
purity_minus3x0;Purity (§R-3§!);;;;;;;;;;;;;
purity_minus3x1;Purity (§R-3§!);;;;;;;;;;;;;
purity_minus3x2;Purity (§R-3§!);;;;;;;;;;;;;
purity_minus3x3;Purity (§R-3§!);;;;;;;;;;;;;
purity_minus3x4;Purity (§R-3§!);;;;;;;;;;;;;
purity_minus3x5;Purity (§R-3§!);;;;;;;;;;;;;
purity_minus3x6;Purity (§R-3§!);;;;;;;;;;;;;
purity_minus3x7;Purity (§R-3§!);;;;;;;;;;;;;
purity_minus3x8;Purity (§R-3§!);;;;;;;;;;;;;
purity_minus3x9;Purity (§R-3§!);;;;;;;;;;;;;
purity_minus3x0_desc;This character's soul is scarred by sin.\n[GetPurityTooltip];;;;;;;;;;;;;
purity_minus3x1_desc;This character's soul is scarred by sin.\n[GetPurityTooltip];;;;;;;;;;;;;
purity_minus3x2_desc;This character's soul is scarred by sin.\n[GetPurityTooltip];;;;;;;;;;;;;
purity_minus3x3_desc;This character's soul is scarred by sin.\n[GetPurityTooltip];;;;;;;;;;;;;
purity_minus3x4_desc;This character's soul is scarred by sin.\n[GetPurityTooltip];;;;;;;;;;;;;
purity_minus3x5_desc;This character's soul is scarred by sin.\n[GetPurityTooltip];;;;;;;;;;;;;
purity_minus3x6_desc;This character's soul is scarred by sin.\n[GetPurityTooltip];;;;;;;;;;;;;
purity_minus3x7_desc;This character's soul is scarred by sin.\n[GetPurityTooltip];;;;;;;;;;;;;
purity_minus3x8_desc;This character's soul is scarred by sin.\n[GetPurityTooltip];;;;;;;;;;;;;
purity_minus3x9_desc;This character's soul is scarred by sin.\n[GetPurityTooltip];;;;;;;;;;;;;
purity_minus4x0;Purity (§R-4§!);;;;;;;;;;;;;
purity_minus4x1;Purity (§R-4§!);;;;;;;;;;;;;
purity_minus4x2;Purity (§R-4§!);;;;;;;;;;;;;
purity_minus4x3;Purity (§R-4§!);;;;;;;;;;;;;
purity_minus4x4;Purity (§R-4§!);;;;;;;;;;;;;
purity_minus4x5;Purity (§R-4§!);;;;;;;;;;;;;
purity_minus4x6;Purity (§R-4§!);;;;;;;;;;;;;
purity_minus4x7;Purity (§R-4§!);;;;;;;;;;;;;
purity_minus4x8;Purity (§R-4§!);;;;;;;;;;;;;
purity_minus4x9;Purity (§R-4§!);;;;;;;;;;;;;
purity_minus4x0_desc;This character's soul is mired in sin.\n[GetPurityTooltip];;;;;;;;;;;;;
purity_minus4x1_desc;This character's soul is mired in sin.\n[GetPurityTooltip];;;;;;;;;;;;;
purity_minus4x2_desc;This character's soul is mired in sin.\n[GetPurityTooltip];;;;;;;;;;;;;
purity_minus4x3_desc;This character's soul is mired in sin.\n[GetPurityTooltip];;;;;;;;;;;;;
purity_minus4x4_desc;This character's soul is mired in sin.\n[GetPurityTooltip];;;;;;;;;;;;;
purity_minus4x5_desc;This character's soul is mired in sin.\n[GetPurityTooltip];;;;;;;;;;;;;
purity_minus4x6_desc;This character's soul is mired in sin.\n[GetPurityTooltip];;;;;;;;;;;;;
purity_minus4x7_desc;This character's soul is mired in sin.\n[GetPurityTooltip];;;;;;;;;;;;;
purity_minus4x8_desc;This character's soul is mired in sin.\n[GetPurityTooltip];;;;;;;;;;;;;
purity_minus4x9_desc;This character's soul is mired in sin.\n[GetPurityTooltip];;;;;;;;;;;;;
purity_minus5x0;Purity (§R-5§!);;;;;;;;;;;;;
purity_minus5x1;Purity (§R-5§!);;;;;;;;;;;;;
purity_minus5x2;Purity (§R-5§!);;;;;;;;;;;;;
purity_minus5x3;Purity (§R-5§!);;;;;;;;;;;;;
purity_minus5x4;Purity (§R-5§!);;;;;;;;;;;;;
purity_minus5x5;Purity (§R-5§!);;;;;;;;;;;;;
purity_minus5x6;Purity (§R-5§!);;;;;;;;;;;;;
purity_minus5x7;Purity (§R-5§!);;;;;;;;;;;;;
purity_minus5x8;Purity (§R-5§!);;;;;;;;;;;;;
purity_minus5x9;Purity (§R-5§!);;;;;;;;;;;;;
purity_minus5x0_desc;This character's soul is tarnished by sin.\n[GetPurityTooltip];;;;;;;;;;;;;
purity_minus5x1_desc;This character's soul is tarnished by sin.\n[GetPurityTooltip];;;;;;;;;;;;;
purity_minus5x2_desc;This character's soul is tarnished by sin.\n[GetPurityTooltip];;;;;;;;;;;;;
purity_minus5x3_desc;This character's soul is tarnished by sin.\n[GetPurityTooltip];;;;;;;;;;;;;
purity_minus5x4_desc;This character's soul is tarnished by sin.\n[GetPurityTooltip];;;;;;;;;;;;;
purity_minus5x5_desc;This character's soul is tarnished by sin.\n[GetPurityTooltip];;;;;;;;;;;;;
purity_minus5x6_desc;This character's soul is tarnished by sin.\n[GetPurityTooltip];;;;;;;;;;;;;
purity_minus5x7_desc;This character's soul is tarnished by sin.\n[GetPurityTooltip];;;;;;;;;;;;;
purity_minus5x8_desc;This character's soul is tarnished by sin.\n[GetPurityTooltip];;;;;;;;;;;;;
purity_minus5x9_desc;This character's soul is tarnished by sin.\n[GetPurityTooltip];;;;;;;;;;;;;
purity_minus6x0;Purity (§R-6§!);;;;;;;;;;;;;
purity_minus6x1;Purity (§R-6§!);;;;;;;;;;;;;
purity_minus6x2;Purity (§R-6§!);;;;;;;;;;;;;
purity_minus6x3;Purity (§R-6§!);;;;;;;;;;;;;
purity_minus6x4;Purity (§R-6§!);;;;;;;;;;;;;
purity_minus6x5;Purity (§R-6§!);;;;;;;;;;;;;
purity_minus6x6;Purity (§R-6§!);;;;;;;;;;;;;
purity_minus6x7;Purity (§R-6§!);;;;;;;;;;;;;
purity_minus6x8;Purity (§R-6§!);;;;;;;;;;;;;
purity_minus6x9;Purity (§R-6§!);;;;;;;;;;;;;
purity_minus6x0_desc;This character's soul is blackened by sin.\n[GetPurityTooltip];;;;;;;;;;;;;
purity_minus6x1_desc;This character's soul is blackened by sin.\n[GetPurityTooltip];;;;;;;;;;;;;
purity_minus6x2_desc;This character's soul is blackened by sin.\n[GetPurityTooltip];;;;;;;;;;;;;
purity_minus6x3_desc;This character's soul is blackened by sin.\n[GetPurityTooltip];;;;;;;;;;;;;
purity_minus6x4_desc;This character's soul is blackened by sin.\n[GetPurityTooltip];;;;;;;;;;;;;
purity_minus6x5_desc;This character's soul is blackened by sin.\n[GetPurityTooltip];;;;;;;;;;;;;
purity_minus6x6_desc;This character's soul is blackened by sin.\n[GetPurityTooltip];;;;;;;;;;;;;
purity_minus6x7_desc;This character's soul is blackened by sin.\n[GetPurityTooltip];;;;;;;;;;;;;
purity_minus6x8_desc;This character's soul is blackened by sin.\n[GetPurityTooltip];;;;;;;;;;;;;
purity_minus6x9_desc;This character's soul is blackened by sin.\n[GetPurityTooltip];;;;;;;;;;;;;
purity_minus7x0;Purity (§R-7§!);;;;;;;;;;;;;
purity_minus7x1;Purity (§R-7§!);;;;;;;;;;;;;
purity_minus7x2;Purity (§R-7§!);;;;;;;;;;;;;
purity_minus7x3;Purity (§R-7§!);;;;;;;;;;;;;
purity_minus7x4;Purity (§R-7§!);;;;;;;;;;;;;
purity_minus7x5;Purity (§R-7§!);;;;;;;;;;;;;
purity_minus7x6;Purity (§R-7§!);;;;;;;;;;;;;
purity_minus7x7;Purity (§R-7§!);;;;;;;;;;;;;
purity_minus7x8;Purity (§R-7§!);;;;;;;;;;;;;
purity_minus7x9;Purity (§R-7§!);;;;;;;;;;;;;
purity_minus7x0_desc;This character's soul is putrefied by sin.\n[GetPurityTooltip];;;;;;;;;;;;;
purity_minus7x1_desc;This character's soul is putrefied by sin.\n[GetPurityTooltip];;;;;;;;;;;;;
purity_minus7x2_desc;This character's soul is putrefied by sin.\n[GetPurityTooltip];;;;;;;;;;;;;
purity_minus7x3_desc;This character's soul is putrefied by sin.\n[GetPurityTooltip];;;;;;;;;;;;;
purity_minus7x4_desc;This character's soul is putrefied by sin.\n[GetPurityTooltip];;;;;;;;;;;;;
purity_minus7x5_desc;This character's soul is putrefied by sin.\n[GetPurityTooltip];;;;;;;;;;;;;
purity_minus7x6_desc;This character's soul is putrefied by sin.\n[GetPurityTooltip];;;;;;;;;;;;;
purity_minus7x7_desc;This character's soul is putrefied by sin.\n[GetPurityTooltip];;;;;;;;;;;;;
purity_minus7x8_desc;This character's soul is putrefied by sin.\n[GetPurityTooltip];;;;;;;;;;;;;
purity_minus7x9_desc;This character's soul is putrefied by sin.\n[GetPurityTooltip];;;;;;;;;;;;;
purity_minus8x0;Purity (§R-8§!);;;;;;;;;;;;;
purity_minus8x1;Purity (§R-8§!);;;;;;;;;;;;;
purity_minus8x2;Purity (§R-8§!);;;;;;;;;;;;;
purity_minus8x3;Purity (§R-8§!);;;;;;;;;;;;;
purity_minus8x4;Purity (§R-8§!);;;;;;;;;;;;;
purity_minus8x5;Purity (§R-8§!);;;;;;;;;;;;;
purity_minus8x6;Purity (§R-8§!);;;;;;;;;;;;;
purity_minus8x7;Purity (§R-8§!);;;;;;;;;;;;;
purity_minus8x8;Purity (§R-8§!);;;;;;;;;;;;;
purity_minus8x9;Purity (§R-8§!);;;;;;;;;;;;;
purity_minus8x0_desc;This character's soul is in tatters.\n[GetPurityTooltip];;;;;;;;;;;;;
purity_minus8x1_desc;This character's soul is in tatters.\n[GetPurityTooltip];;;;;;;;;;;;;
purity_minus8x2_desc;This character's soul is in tatters.\n[GetPurityTooltip];;;;;;;;;;;;;
purity_minus8x3_desc;This character's soul is in tatters.\n[GetPurityTooltip];;;;;;;;;;;;;
purity_minus8x4_desc;This character's soul is in tatters.\n[GetPurityTooltip];;;;;;;;;;;;;
purity_minus8x5_desc;This character's soul is in tatters.\n[GetPurityTooltip];;;;;;;;;;;;;
purity_minus8x6_desc;This character's soul is in tatters.\n[GetPurityTooltip];;;;;;;;;;;;;
purity_minus8x7_desc;This character's soul is in tatters.\n[GetPurityTooltip];;;;;;;;;;;;;
purity_minus8x8_desc;This character's soul is in tatters.\n[GetPurityTooltip];;;;;;;;;;;;;
purity_minus8x9_desc;This character's soul is in tatters.\n[GetPurityTooltip];;;;;;;;;;;;;
purity_minus9x0;Purity (§R-9§!);;;;;;;;;;;;;
purity_minus9x1;Purity (§R-9§!);;;;;;;;;;;;;
purity_minus9x2;Purity (§R-9§!);;;;;;;;;;;;;
purity_minus9x3;Purity (§R-9§!);;;;;;;;;;;;;
purity_minus9x4;Purity (§R-9§!);;;;;;;;;;;;;
purity_minus9x5;Purity (§R-9§!);;;;;;;;;;;;;
purity_minus9x6;Purity (§R-9§!);;;;;;;;;;;;;
purity_minus9x7;Purity (§R-9§!);;;;;;;;;;;;;
purity_minus9x8;Purity (§R-9§!);;;;;;;;;;;;;
purity_minus9x9;Purity (§R-9§!);;;;;;;;;;;;;
purity_minus9x0_desc;This character's soul may be beyond saving.\n[GetPurityTooltip];;;;;;;;;;;;;
purity_minus9x1_desc;This character's soul may be beyond saving.\n[GetPurityTooltip];;;;;;;;;;;;;
purity_minus9x2_desc;This character's soul may be beyond saving.\n[GetPurityTooltip];;;;;;;;;;;;;
purity_minus9x3_desc;This character's soul may be beyond saving.\n[GetPurityTooltip];;;;;;;;;;;;;
purity_minus9x4_desc;This character's soul may be beyond saving.\n[GetPurityTooltip];;;;;;;;;;;;;
purity_minus9x5_desc;This character's soul may be beyond saving.\n[GetPurityTooltip];;;;;;;;;;;;;
purity_minus9x6_desc;This character's soul may be beyond saving.\n[GetPurityTooltip];;;;;;;;;;;;;
purity_minus9x7_desc;This character's soul may be beyond saving.\n[GetPurityTooltip];;;;;;;;;;;;;
purity_minus9x8_desc;This character's soul may be beyond saving.\n[GetPurityTooltip];;;;;;;;;;;;;
purity_minus9x9_desc;This character's soul may be beyond saving.\n[GetPurityTooltip];;;;;;;;;;;;;
purity_minus10;Purity (§R-10§!);;;;;;;;;;;;;
purity_minus10_desc;This character's soul is impure.\n[GetPurityTooltip];;;;;;;;;;;;;
hunger_0;Hunger (§Y0§!);;;;;;;;;;;;;
hunger_0_desc;This character's unholy thirst for blood is sated\nYou are §Yunlikely§! to be caught.[Hunger_Gain_TT];;;;;;;;;;;;;
hunger_1;Hunger (§Y1§!);;;;;;;;;;;;;
hunger_1_desc;This character is ready to feed on human blood\nYou are §Yslightly§! more likely to be caught.[Hunger_Gain_TT];;;;;;;;;;;;;
hunger_2;Hunger (§Y2§!);;;;;;;;;;;;;
hunger_2_desc;This character hungers for human blood\nYou are §Yslightly§! more likely to be caught.[Hunger_Gain_TT];;;;;;;;;;;;;
hunger_3;Hunger (§Y3§!);;;;;;;;;;;;;
hunger_3_desc;This character has not fed for some time\nYou are §Ya good deal§! more likely to be caught.[Hunger_Gain_TT];;;;;;;;;;;;;
hunger_4;Hunger (§R4§!);;;;;;;;;;;;;
hunger_4_desc;This character is ravenous for human blood\nYou are §Rmuch§! more likely to be caught.[Hunger_Gain_TT];;;;;;;;;;;;;
hunger_5;Hunger (§R4§!);;;;;;;;;;;;;
hunger_5_desc;This character's hunger for blood leaves [From.GetHerHis] a barely controlled beast.\nYou are §Rvery§! likely to be caught.[Hunger_Gain_TT];;;;;;;;;;;;;
control_1;Control (§YFull Moon§!);;;;;;;;;;;;;
control_1_desc;This character has no control over [From.GetHerHis] shapeshifting, running wild under the full moon or stress.\nYou are §Rvery§! likely to be caught.;;;;;;;;;;;;;
control_2;Control (§YFull Gibbous Moon§!);;;;;;;;;;;;;
control_2_desc;This character has barely any control over [From.GetHerHis] shapeshifting, changing with mood and moon.\nYou are §Rmuch§! more likely to be caught.;;;;;;;;;;;;;
control_3;Control (§YGibbous Moon§!);;;;;;;;;;;;;
control_3_desc;This character has little control over [From.GetHerHis] shapeshifting, changing with mood and moon.\nYou are §Ra good deal§! more likely to be caught.;;;;;;;;;;;;;
control_4;Control (§YHalf Gibbous Moon§!);;;;;;;;;;;;;
control_4_desc;This character has weak control over [From.GetHerHis] shapeshifting.\nYou are §Rslightly§! likely to be caught.;;;;;;;;;;;;;
control_5;Control (§YHalf Moon§!);;;;;;;;;;;;;
control_5_desc;This character has some control over [From.GetHerHis] shapeshifting.;;;;;;;;;;;;;
control_6;Control (§YHalf Crescent Moon§!);;;;;;;;;;;;;
control_6_desc;This character has minor control over [From.GetHerHis] shapeshifting.;;;;;;;;;;;;;
control_7;Control (§YCrescent Moon§!);;;;;;;;;;;;;
control_7_desc;This character has good control over [From.GetHerHis] shapeshifting, changing by [From.GetHerHis] own will.;;;;;;;;;;;;;
control_8;Control (§YFull Crescent Moon§!);;;;;;;;;;;;;
control_8_desc;This character has great control over [From.GetHerHis] shapeshifting, changing by [From.GetHerHis] own will.;;;;;;;;;;;;;
control_9;Control (§YFull Moon§!);;;;;;;;;;;;;
control_9_desc;This character has full control over [From.GetHerHis] shapeshifting, changing by [From.GetHerHis] own will.;;;;;;;;;;;;;
size_1;Size (§G1§!);;;;;;;;;;;;;
size_1_desc;As a giant ages, they continually grow in size and strength until they die.;;;;;;;;;;;;;
size_2;Size (§G2§!);;;;;;;;;;;;;
size_2_desc;As a giant ages, they continually grow in size and strength until they die.;;;;;;;;;;;;;
size_3;Size (§G3§!);;;;;;;;;;;;;
size_3_desc;As a giant ages, they continually grow in size and strength until they die.;;;;;;;;;;;;;
size_4;Size (§G4§!);;;;;;;;;;;;;
size_4_desc;As a giant ages, they continually grow in size and strength until they die.;;;;;;;;;;;;;
size_5;Size (§G5§!);;;;;;;;;;;;;
size_5_desc;As a giant ages, they continually grow in size and strength until they die.;;;;;;;;;;;;;
size_6;Size (§G6§!);;;;;;;;;;;;;
size_6_desc;As a giant ages, they continually grow in size and strength until they die.;;;;;;;;;;;;;
size_7;Size (§G7§!);;;;;;;;;;;;;
size_7_desc;As a giant ages, they continually grow in size and strength until they die.;;;;;;;;;;;;;
size_8;Size (§G8§!);;;;;;;;;;;;;
size_8_desc;As a giant ages, they continually grow in size and strength until they die.;;;;;;;;;;;;;
size_9;Size (§G9§!);;;;;;;;;;;;;
size_9_desc;As a giant ages, they continually grow in size and strength until they die.;;;;;;;;;;;;;
size_10;Size (§G10§!);;;;;;;;;;;;;
size_10_desc;As a giant of truly staggering age and power, this giant has reached their maximum potential.;;;;;;;;;;;;;
giant_hrimthursar;[hrimthursar];;;;;;;;;;;;;
NordicHrimthursar;Hrimþursar;;;;;;;;;;;;;
OtherHrimthursar;Frost Giant;;;;;;;;;;;;;
giant_hrimthursar_desc;A giant carrying the legacy of the frozen world of Jotunneheim;;;;;;;;;;;;;
giant_eldjotnar;[eldjotnar];;;;;;;;;;;;;
NordicEldjotnar;Eldjötnar;;;;;;;;;;;;;
OtherEldjotnar;Fire Giant;;;;;;;;;;;;;
giant_eldjotnar_desc;A giant born with the fires of torn and burning world of Muspelheim;;;;;;;;;;;;;
giant_bergrisar;[bergrisar];;;;;;;;;;;;;
NordicBergrisar;Bergrisar;;;;;;;;;;;;;
OtherBergrisar;Hill Giant;;;;;;;;;;;;;
giant_bergrisar_desc;A giant born of earth and stone, of hill and mountain;;;;;;;;;;;;;
banker;Moneylender;;;;;;;;;;;;;
banker_desc;This character has set aside ¤[Root.bank_total.GetValue] to finance loans.;;;;;;;;;;;;;
natural_magic_1;Natural Magic;;;;;;;;;;;;;
natural_magic_1_desc;Djinn are naturally gifted with magic and suffer few repercussions from its use;;;;;;;;;;;;;
natural_magic_2;Natural Magic;;;;;;;;;;;;;
natural_magic_2_desc;Djinn are naturally gifted with magic and suffer few repercussions from its use;;;;;;;;;;;;;
natural_magic_3;Natural Magic;;;;;;;;;;;;;
natural_magic_3_desc;Djinn are naturally gifted with magic and suffer few repercussions from its use;;;;;;;;;;;;;
natural_magic_4;Natural Magic;;;;;;;;;;;;;
natural_magic_4_desc;Djinn are naturally gifted with magic and suffer few repercussions from its use;;;;;;;;;;;;;
tt_purity_wealth_8;\nWealth: §G+8§![Purity_Piety];;;;;;;;;;;;;
tt_purity_wealth_7;\nWealth: §G+7§![Purity_Piety];;;;;;;;;;;;;
tt_purity_wealth_6;\nWealth: §G+6§![Purity_Piety];;;;;;;;;;;;;
tt_purity_wealth_5;\nWealth: §G+5§![Purity_Piety];;;;;;;;;;;;;
tt_purity_wealth_4;\nWealth: §G+4§![Purity_Piety];;;;;;;;;;;;;
tt_purity_wealth_3;\nWealth: §G+3§![Purity_Piety];;;;;;;;;;;;;
tt_purity_wealth_2;\nWealth: §G+2§![Purity_Piety];;;;;;;;;;;;;
tt_purity_wealth_1;\nWealth: §G+1§![Purity_Piety];;;;;;;;;;;;;
tt_purity_piety_5;\nPiety: §G+5§![Purity_Prestige];;;;;;;;;;;;;
tt_purity_piety_4;\nPiety: §G+4§![Purity_Prestige];;;;;;;;;;;;;
tt_purity_piety_3;\nPiety: §G+3§![Purity_Prestige];;;;;;;;;;;;;
tt_purity_piety_2;\nPiety: §G+2§![Purity_Prestige];;;;;;;;;;;;;
tt_purity_piety_1;\nPiety: §G+1§![Purity_Prestige];;;;;;;;;;;;;
tt_purity_prestige_6;\nPrestige: §G+6§![Purity_SF];;;;;;;;;;;;;
tt_purity_prestige_5;\nPrestige: §G+5§![Purity_SF];;;;;;;;;;;;;
tt_purity_prestige_4;\nPrestige: §G+4§![Purity_SF];;;;;;;;;;;;;
tt_purity_prestige_3;\nPrestige: §G+3§![Purity_SF];;;;;;;;;;;;;
tt_purity_prestige_2;\nPrestige: §G+2§![Purity_SF];;;;;;;;;;;;;
tt_purity_prestige_1;\nPrestige: §G+1§![Purity_SF];;;;;;;;;;;;;
tt_purity_sf;\nSapphire Flame: §G+2§![Purity_Flametender];;;;;;;;;;;;;
tt_purity_flametender;\nFlametender: §G+2§![Purity_EternalFlameControl];;;;;;;;;;;;;
tt_purity_eternal_flame_control;\nControls Eternal Flame: §G+2§![Purity_Divinity];;;;;;;;;;;;;
tt_purity_god_HF;\nGod: §G+4§![Purity_DivineMarriage];;;;;;;;;;;;;
tt_purity_demi_god_HF;\nDemigod: §G+3§![Purity_DivineMarriage];;;;;;;;;;;;;
tt_purity_botg_HF;\nBlood of the Gods: §G+2§![Purity_DivineMarriage];;;;;;;;;;;;;
tt_purity_god;\nGod: §G+3§![Purity_DivineMarriage];;;;;;;;;;;;;
tt_purity_demi_god;\nDemigod: §G+2§![Purity_DivineMarriage];;;;;;;;;;;;;
tt_purity_botg;\nBlood of the Gods: §G+1§![Purity_DivineMarriage];;;;;;;;;;;;;
tt_purity_false_divinity;\nFalse Divinity: §R-2§![Purity_DivineMarriage];;;;;;;;;;;;;
tt_purity_divine_marriage;\nDivine Marriage: §G+1 Each§![Purity_Rank];;;;;;;;;;;;;
tt_purity_emperor;\nEmperor: §G+3§![Purity_Bad_Spouse];;;;;;;;;;;;;
tt_purity_king;\nKing: §G+2§![Purity_Bad_Spouse];;;;;;;;;;;;;
tt_purity_bows_to_humans;\nBows to Humans: §R-1§![Purity_Bad_Spouse];;;;;;;;;;;;;
tt_purity_duke;\nDuke: §G+1§![Purity_Bad_Spouse];;;;;;;;;;;;;
tt_purity_count;\nCount: §G+1§![Purity_Bad_Spouse];;;;;;;;;;;;;
tt_purity_non_dragon_spouse;\nHuman [From.GetHusbandWifeOpp]: §R-3 Each§![Purity_Bad_Lover];;;;;;;;;;;;;
tt_purity_dragon_spouse_1;\nDragon [From.GetHusbandWifeOpp]: §R-1 Each§![Purity_Bad_Lover];;;;;;;;;;;;;
tt_purity_dragon_spouse_3;\nDragon [From.GetHusbandWifeOpp]: §R-3 Each§![Purity_Bad_Lover];;;;;;;;;;;;;
tt_purity_non_dragon_lover;\nHuman Lover: §R-1 Each§![Purity_Bad_Consort];;;;;;;;;;;;;
tt_purity_dragon_lover;\nDragon Lover: §R-1 Each§![Purity_Bad_Consort];;;;;;;;;;;;;
tt_purity_non_dragon_consort;\nHuman Consort: §R-1 Each§![Purity_Bad_Heir];;;;;;;;;;;;;
tt_purity_dragon_consort;\nDragon Consort: §R-1 Each§![Purity_Bad_Heir];;;;;;;;;;;;;
tt_purity_bad_heir_1;\nHuman Heir: §R-1§![Purity_Dragonborn];;;;;;;;;;;;;
tt_purity_bad_heir_4;\nHuman Heir: §R-4§![Purity_Dragonborn];;;;;;;;;;;;;
tt_purity_dragonborn_bad;\nHalf-breed: §R-2§![Purity_Unlanded];;;;;;;;;;;;;
tt_purity_dragonborn_good;\nDragonborn: §G+1§![Purity_Unlanded];;;;;;;;;;;;;
tt_purity_unlanded_6;\nUnlanded under a human: §R-6§![Purity_Human];;;;;;;;;;;;;
tt_purity_unlanded_2_DE;\nUnlanded under a human: §R-2§![Purity_Human];;;;;;;;;;;;;
tt_purity_unlanded_2;\nUnlanded: §R-2§![Purity_Human];;;;;;;;;;;;;
tt_purity_human;\nHuman: §R-5§![Purity_InDebt];;;;;;;;;;;;;
tt_purity_debt;\nIn debt: §R-4§![Purity_Disease];;;;;;;;;;;;;
tt_purity_disease;\nDiseased: §R-2§![Purity_Clubfooted];;;;;;;;;;;;;
tt_purity_clubfooted;\nClubfooted: §R-1§![Purity_Harelip];;;;;;;;;;;;;
tt_purity_harelip;\nHarelip: §R-1§![Purity_Hunchback];;;;;;;;;;;;;
tt_purity_hunchback;\nHunchback: §R-1§![Purity_Lisp];;;;;;;;;;;;;
tt_purity_lisp;\nLisp: §R-1§![Purity_Stutter];;;;;;;;;;;;;
tt_purity_stutter;\nStutter: §R-1§![Purity_Ugly];;;;;;;;;;;;;
tt_purity_ugly;\nUgly: §R-1§![Purity_Dwarf];;;;;;;;;;;;;
tt_purity_dwarf;\nDwarf: §R-1§![Purity_Slow];;;;;;;;;;;;;
tt_purity_slow;\nSlow: §R-1§![Purity_Imbecile];;;;;;;;;;;;;
tt_purity_imbecile;\nImbecile: §R-1§![Purity_Inbred];;;;;;;;;;;;;
tt_purity_inbred;\nInbred: §R-1§![Purity_Weak];;;;;;;;;;;;;
tt_purity_weak;\nWeak: §R-1§![Purity_Giant];;;;;;;;;;;;;
tt_purity_giant;\nGigantism: §R-1§![Purity_Diligent];;;;;;;;;;;;;
tt_purity_diligent_virtue;\nDiligent: §G+1§![Purity_Brave];;;;;;;;;;;;;
tt_purity_diligent_vice;\nDiligent: §R-1§![Purity_Brave];;;;;;;;;;;;;
tt_purity_brave_virtue;\nBrave: §G+1§![Purity_Greedy];;;;;;;;;;;;;
tt_purity_brave_vice;\nBrave: §R-1§![Purity_Greedy];;;;;;;;;;;;;
tt_purity_greedy_virtue;\nGreedy: §G+1§![Purity_Proud];;;;;;;;;;;;;
tt_purity_greedy_vice;\nGreedy: §R-1§![Purity_Proud];;;;;;;;;;;;;
tt_purity_proud_virtue;\nProud: §G+1§![Purity_Just];;;;;;;;;;;;;
tt_purity_proud_vice;\nProud: §R-1§![Purity_Just];;;;;;;;;;;;;
tt_purity_just_virtue;\nJust: §G+1§![Purity_Patient];;;;;;;;;;;;;
tt_purity_just_vice;\nJust: §R-1§![Purity_Patient];;;;;;;;;;;;;
tt_purity_patient_virtue;\nPatient: §G+1§![Purity_Ambitious];;;;;;;;;;;;;
tt_purity_patient_vice;\nPatient: §R-1§![Purity_Ambitious];;;;;;;;;;;;;
tt_purity_ambitious_virtue;\nAmbitious: §G+1§![Purity_Temperate];;;;;;;;;;;;;
tt_purity_ambitious_vice;\nAmbitious: §R-1§![Purity_Temperate];;;;;;;;;;;;;
tt_purity_temperate_virtue;\nTemperate: §G+1§![Purity_Charitable];;;;;;;;;;;;;
tt_purity_temperate_vice;\nTemperate: §R-1§![Purity_Charitable];;;;;;;;;;;;;
tt_purity_charitable_virtue;\nCharitable: §G+1§![Purity_Humble];;;;;;;;;;;;;
tt_purity_charitable_vice;\nCharitable: §R-1§![Purity_Humble];;;;;;;;;;;;;
tt_purity_humble_virtue;\nHumble: §G+1§![Purity_Content];;;;;;;;;;;;;
tt_purity_humble_vice;\nHumble: §R-1§![Purity_Content];;;;;;;;;;;;;
tt_purity_content_virtue;\nContent: §G+1§![Purity_Honest];;;;;;;;;;;;;
tt_purity_content_vice;\nContent: §R-1§![Purity_Honest];;;;;;;;;;;;;
tt_purity_honest_virtue;\nHonest: §G+1§![Purity_Shy];;;;;;;;;;;;;
tt_purity_honest_vice;\nHonest: §R-1§![Purity_Shy];;;;;;;;;;;;;
tt_purity_shy_virtue;\nShy: §G+1§![Purity_Chaste];;;;;;;;;;;;;
tt_purity_shy_vice;\nShy: §R-1§![Purity_Chaste];;;;;;;;;;;;;
tt_purity_chaste_virtue;\nChaste: §G+1§![Purity_Slothful];;;;;;;;;;;;;
tt_purity_chaste_vice;\nChaste: §R-1§![Purity_Slothful];;;;;;;;;;;;;
tt_purity_slothful_virtue;\nSlothful: §G+1§![Purity_Craven];;;;;;;;;;;;;
tt_purity_slothful_vice;\nSlothful: §R-1§![Purity_Craven];;;;;;;;;;;;;
tt_purity_craven_virtue;\nCraven: §G+1§![Purity_Trusting];;;;;;;;;;;;;
tt_purity_craven_vice;\nCraven: §R-1§![Purity_Trusting];;;;;;;;;;;;;
tt_purity_trusting_virtue;\nTrusting: §G+1§![Purity_Wroth];;;;;;;;;;;;;
tt_purity_trusting_vice;\nTrusting: §R-1§![Purity_Wroth];;;;;;;;;;;;;
tt_purity_wroth_virtue;\nWroth: §G+1§![Purity_Arbitrary];;;;;;;;;;;;;
tt_purity_wroth_vice;\nWroth: §R-1§![Purity_Arbitrary];;;;;;;;;;;;;
tt_purity_arbitrary_virtue;\nArbitrary: §G+1§![Purity_Cruel];;;;;;;;;;;;;
tt_purity_arbitrary_vice;\nArbitrary: §R-1§![Purity_Cruel];;;;;;;;;;;;;
tt_purity_cruel_virtue;\nCruel: §G+1§![Purity_Lustful];;;;;;;;;;;;;
tt_purity_cruel_vice;\nCruel: §R-1§![Purity_Lustful];;;;;;;;;;;;;
tt_purity_lustful_virtue;\nLustful: §G+1§![Purity_Gluttonous];;;;;;;;;;;;;
tt_purity_lustful_vice;\nLustful: §R-1§![Purity_Gluttonous];;;;;;;;;;;;;
tt_purity_gluttonous_virtue;\nGluttonous: §G+1§![Purity_Paranoid];;;;;;;;;;;;;
tt_purity_gluttonous_vice;\nGluttonous: §R-1§![Purity_Paranoid];;;;;;;;;;;;;
tt_purity_paranoid_virtue;\nParanoid: §G+1§![Purity_Deceitful];;;;;;;;;;;;;
tt_purity_paranoid_vice;\nParanoid: §R-1§![Purity_Deceitful];;;;;;;;;;;;;
tt_purity_deceitful_virtue;\nDeceitful: §G+1§![Purity_Gregarious];;;;;;;;;;;;;
tt_purity_deceitful_vice;\nDeceitful: §R-1§![Purity_Gregarious];;;;;;;;;;;;;
tt_purity_gregarious_virtue;\nGregarious: §G+1§![Purity_Kind];;;;;;;;;;;;;
tt_purity_gregarious_vice;\nGregarious: §R-1§![Purity_Kind];;;;;;;;;;;;;
tt_purity_kind_virtue;\nKind: §G+1§![Purity_Liege];;;;;;;;;;;;;
tt_purity_kind_vice;\nKind: §R-1§![Purity_Liege];;;;;;;;;;;;;
tt_purity_king_dragon;\nKing under dragon: §G+3§![Purity_Grandmaster];;;;;;;;;;;;;
tt_purity_duke_dragon;\nDuke under dragon: §G+2§![Purity_Grandmaster];;;;;;;;;;;;;
tt_purity_count_dragon;\nCount under dragon: §G+1§![Purity_Grandmaster];;;;;;;;;;;;;
tt_purity_flamewardens;\nGrandmaster of Flamewardens: §G+2§![Purity_Voter];;;;;;;;;;;;;
tt_purity_blackflame;\nGrandmaster of Black Flames: §G+2§![Purity_Voter];;;;;;;;;;;;;
tt_purity_voter;\nCouncil Voter: §G+1§![Purity_Werewolf];;;;;;;;;;;;;
tt_purity_werewolf;\nWerewolf: §R-3§![Purity_Undead];;;;;;;;;;;;;
tt_purity_undead;\nUndead: §R-6§![Purity_Diplomacy];;;;;;;;;;;;;
tt_purity_diplomacy_bad;\nDiplomacy: §R-1§![Purity_Martial];;;;;;;;;;;;;
tt_purity_diplomacy_good;\nDiplomacy: §G+1§![Purity_Martial];;;;;;;;;;;;;
tt_purity_martial_bad;\nMartial: §R-1§![Purity_Stewardship];;;;;;;;;;;;;
tt_purity_martial_good;\nMartial: §G+1§![Purity_Stewardship];;;;;;;;;;;;;
tt_purity_stewardship_bad;\nStewardship: §R-1§![Purity_Intrigue];;;;;;;;;;;;;
tt_purity_stewardship_good;\nStewardship: §G+1§![Purity_Intrigue];;;;;;;;;;;;;
tt_purity_intrigue_bad;\nIntrigue: §R-1§![Purity_Learning];;;;;;;;;;;;;
tt_purity_intrigue_good;\nIntrigue: §G+1§![Purity_Learning];;;;;;;;;;;;;
tt_purity_learning_bad;\nLearning: §R-1§![Purity_ReplacedImpure];;;;;;;;;;;;;
tt_purity_learning_good;\nLearning: §G+1§![Purity_ReplacedImpure];;;;;;;;;;;;;
tt_purity_replaced_impure;\nReplaced Impure Flame: §G+3§![Purity_Rebelled];;;;;;;;;;;;;
tt_purity_rebelled;\nRebelled: §R-5§![Purity_Blessing];;;;;;;;;;;;;
tt_purity_blessing;\nBlessing: §G+3§![Purity_Potion];;;;;;;;;;;;;
tt_purity_potion;\nPotion of Purity: §G+3§![Purity_Lodge];;;;;;;;;;;;;
tt_purity_lodge;\nWarrior's Purity: §G+2§![Purity_Begger];;;;;;;;;;;;;
tt_purity_begger;\nBegger: §R-3§![Purity_Purification_Chambers];;;;;;;;;;;;;
tt_purity_loans;\nLoans: §R-3§![Purity_Purification_Chambers];;;;;;;;;;;;;
tt_purity_chamber_5;\nPurification Chambers: §G+10§![Purity_Active_Flames];;;;;;;;;;;;;
tt_purity_chamber_4;\nPurification Chambers: §G+8§![Purity_Active_Flames];;;;;;;;;;;;;
tt_purity_chamber_3;\nPurification Chambers: §G+6§![Purity_Active_Flames];;;;;;;;;;;;;
tt_purity_chamber_2;\nPurification Chambers: §G+4§![Purity_Active_Flames];;;;;;;;;;;;;
tt_purity_chamber_1;\nPurification Chambers: §G+2§![Purity_Active_Flames];;;;;;;;;;;;;
tt_purity_flames_3;\nActive Flames: §G+3§![Purity_Saint];;;;;;;;;;;;;
tt_purity_flames_1;\nActive Flames: §G+1§![Purity_Saint];;;;;;;;;;;;;
tt_purity_flames_minus_5;\nActive Flames: §R-5§![Purity_Saint];;;;;;;;;;;;;
tt_purity_flames_minus_1;\nActive Flames: §R-1§![Purity_Saint];;;;;;;;;;;;;
tt_purity_saint;\nDescendant of a holy sacrifice: §G+2§!;;;;;;;;;;;;;
tt_purity_gain_yellow;\nChange last month: §Y[From.purity_gain.GetValue]§![GetPurityProgress];;;;;;;;;;;;;
tt_purity_gain_green;\nChange last month: §G[From.purity_gain.GetValue]§![GetPurityProgress];;;;;;;;;;;;;
tt_purity_gain_red;\nChange last month: §R[From.purity_gain.GetValue]§![GetPurityProgress];;;;;;;;;;;;;
tt_purity_progress_yellow;\nProgress: §Y[From.purity_progress.GetValue]§!/[From.purity_to_next.GetValue][Purity_Wealth];;;;;;;;;;;;;
tt_purity_progress_green;\nProgress: §G[From.purity_progress.GetValue]§!/[From.purity_to_next.GetValue][Purity_Wealth];;;;;;;;;;;;;
tt_purity_progress_red;\nProgress: §R[From.purity_progress.GetValue]§!/[From.purity_to_next.GetValue][Purity_Wealth];;;;;;;;;;;;;
tt_hunger_gain_increase;\nChange last month: §R+[From.hunger_gain.GetValue]§!\nProgress: [From.hunger_progress.GetValue]%[Hunger_Base];;;;;;;;;;;;;
tt_hunger_gain_null;\nChange last month: §Y+[From.hunger_gain.GetValue]§!\nProgress: [From.hunger_progress.GetValue]%[Hunger_Base];;;;;;;;;;;;;
tt_hunger_gain_decrease;\nChange last month: §G[From.hunger_gain.GetValue]§!\nProgress: [From.hunger_progress.GetValue]%[Hunger_Base];;;;;;;;;;;;;
tt_base_default;\nBase: §R+10§![Hunger_Age];;;;;;;;;;;;;
tt_base_ai_vassal;\nBase (AI Vassal): §R+8§![Hunger_Age];;;;;;;;;;;;;
tt_hunger_gluttonous;\nGluttonous: §R+5§![Hunger_Vomiting];;;;;;;;;;;;;
tt_hunger_temperate;\nTemperate: §G-5§![Hunger_Vomiting];;;;;;;;;;;;;
tt_hunger_vomiting;\nVomiting: §R+5§![Hunger_Starving];;;;;;;;;;;;;
tt_hunger_starving;\nStarving: §R+20§![Hunger_Injury];;;;;;;;;;;;;
tt_hunger_injuries;\nInjuries: §R+[From.hunger_gain_injuries.GetValue]§![Hunger_VileBlood];;;;;;;;;;;;;
tt_hunger_vile_blood;\nInjuries: §G[From.hunger_gain_vile_blood.GetValue]§!\n-;;;;;;;;;;;;;
String_Spacer;\n-;;;;;;;;;;;;;
sickly_30;Sickly;Enfant maladif;Kränklich;;Enfermizo;;;;;;;;;x
sickly_30_desc;This child was born sickly and might not survive infancy.;Cet enfant est maladif et pourrait donc ne pas atteindre l'âge adulte.;Dieses Kind wurde kränklich geboren und wird vielleicht nicht lange leben;;Este niño nació enfermizo y podría no sobrevivir a la infancia.;;;;;;;;;x
sickly_30_death;a sickly infant;de son état maladif;als kränkliches Kind;;bebé enfermizo;;;;;;;;;x
sickly_27;Sickly;Enfant maladif;Kränklich;;Enfermizo;;;;;;;;;x
sickly_27_desc;This child was born sickly and might not survive infancy.;Cet enfant est maladif et pourrait donc ne pas atteindre l'âge adulte.;Dieses Kind wurde kränklich geboren und wird vielleicht nicht lange leben;;Este niño nació enfermizo y podría no sobrevivir a la infancia.;;;;;;;;;x
sickly_27_death;a sickly infant;de son état maladif;als kränkliches Kind;;bebé enfermizo;;;;;;;;;x
sickly_25;Sickly;Enfant maladif;Kränklich;;Enfermizo;;;;;;;;;x
sickly_25_desc;This child was born sickly and might not survive infancy.;Cet enfant est maladif et pourrait donc ne pas atteindre l'âge adulte.;Dieses Kind wurde kränklich geboren und wird vielleicht nicht lange leben;;Este niño nació enfermizo y podría no sobrevivir a la infancia.;;;;;;;;;x
sickly_25_death;a sickly infant;de son état maladif;als kränkliches Kind;;bebé enfermizo;;;;;;;;;x
sickly_22;Sickly;Enfant maladif;Kränklich;;Enfermizo;;;;;;;;;x
sickly_22_desc;This child was born sickly and might not survive infancy.;Cet enfant est maladif et pourrait donc ne pas atteindre l'âge adulte.;Dieses Kind wurde kränklich geboren und wird vielleicht nicht lange leben;;Este niño nació enfermizo y podría no sobrevivir a la infancia.;;;;;;;;;x
sickly_22_death;a sickly infant;de son état maladif;als kränkliches Kind;;bebé enfermizo;;;;;;;;;x
sickly_20;Sickly;Enfant maladif;Kränklich;;Enfermizo;;;;;;;;;x
sickly_20_desc;This child was born sickly and might not survive infancy.;Cet enfant est maladif et pourrait donc ne pas atteindre l'âge adulte.;Dieses Kind wurde kränklich geboren und wird vielleicht nicht lange leben;;Este niño nació enfermizo y podría no sobrevivir a la infancia.;;;;;;;;;x
sickly_20_death;a sickly infant;de son état maladif;als kränkliches Kind;;bebé enfermizo;;;;;;;;;x
sickly_19;Sickly;Enfant maladif;Kränklich;;Enfermizo;;;;;;;;;x
sickly_19_desc;This child was born sickly and might not survive infancy.;Cet enfant est maladif et pourrait donc ne pas atteindre l'âge adulte.;Dieses Kind wurde kränklich geboren und wird vielleicht nicht lange leben;;Este niño nació enfermizo y podría no sobrevivir a la infancia.;;;;;;;;;x
sickly_19_death;a sickly infant;de son état maladif;als kränkliches Kind;;bebé enfermizo;;;;;;;;;x
sickly_17;Sickly;Enfant maladif;Kränklich;;Enfermizo;;;;;;;;;x
sickly_17_desc;This child was born sickly and might not survive infancy.;Cet enfant est maladif et pourrait donc ne pas atteindre l'âge adulte.;Dieses Kind wurde kränklich geboren und wird vielleicht nicht lange leben;;Este niño nació enfermizo y podría no sobrevivir a la infancia.;;;;;;;;;x
sickly_17_death;a sickly infant;de son état maladif;als kränkliches Kind;;bebé enfermizo;;;;;;;;;x
sickly_15;Sickly;Enfant maladif;Kränklich;;Enfermizo;;;;;;;;;x
sickly_15_desc;This child was born sickly and might not survive infancy.;Cet enfant est maladif et pourrait donc ne pas atteindre l'âge adulte.;Dieses Kind wurde kränklich geboren und wird vielleicht nicht lange leben;;Este niño nació enfermizo y podría no sobrevivir a la infancia.;;;;;;;;;x
sickly_15_death;a sickly infant;de son état maladif;als kränkliches Kind;;bebé enfermizo;;;;;;;;;x
sickly_14;Sickly;Enfant maladif;Kränklich;;Enfermizo;;;;;;;;;x
sickly_14_desc;This child was born sickly and might not survive infancy.;Cet enfant est maladif et pourrait donc ne pas atteindre l'âge adulte.;Dieses Kind wurde kränklich geboren und wird vielleicht nicht lange leben;;Este niño nació enfermizo y podría no sobrevivir a la infancia.;;;;;;;;;x
sickly_14_death;a sickly infant;de son état maladif;als kränkliches Kind;;bebé enfermizo;;;;;;;;;x
sickly_12;Sickly;Enfant maladif;Kränklich;;Enfermizo;;;;;;;;;x
sickly_12_desc;This child was born sickly and might not survive infancy.;Cet enfant est maladif et pourrait donc ne pas atteindre l'âge adulte.;Dieses Kind wurde kränklich geboren und wird vielleicht nicht lange leben;;Este niño nació enfermizo y podría no sobrevivir a la infancia.;;;;;;;;;x
sickly_12_death;a sickly infant;de son état maladif;als kränkliches Kind;;bebé enfermizo;;;;;;;;;x
sickly_10;Sickly;Enfant maladif;Kränklich;;Enfermizo;;;;;;;;;x
sickly_10_desc;This child was born sickly and might not survive infancy.;Cet enfant est maladif et pourrait donc ne pas atteindre l'âge adulte.;Dieses Kind wurde kränklich geboren und wird vielleicht nicht lange leben;;Este niño nació enfermizo y podría no sobrevivir a la infancia.;;;;;;;;;x
sickly_10_death;a sickly infant;de son état maladif;als kränkliches Kind;;bebé enfermizo;;;;;;;;;x
sickly_9;Sickly;Enfant maladif;Kränklich;;Enfermizo;;;;;;;;;x
sickly_9_desc;This child was born sickly and might not survive infancy.;Cet enfant est maladif et pourrait donc ne pas atteindre l'âge adulte.;Dieses Kind wurde kränklich geboren und wird vielleicht nicht lange leben;;Este niño nació enfermizo y podría no sobrevivir a la infancia.;;;;;;;;;x
sickly_9_death;a sickly infant;de son état maladif;als kränkliches Kind;;bebé enfermizo;;;;;;;;;x
sickly_7;Sickly;Enfant maladif;Kränklich;;Enfermizo;;;;;;;;;x
sickly_7_desc;This child was born sickly and might not survive infancy.;Cet enfant est maladif et pourrait donc ne pas atteindre l'âge adulte.;Dieses Kind wurde kränklich geboren und wird vielleicht nicht lange leben;;Este niño nació enfermizo y podría no sobrevivir a la infancia.;;;;;;;;;x
sickly_7_death;a sickly infant;de son état maladif;als kränkliches Kind;;bebé enfermizo;;;;;;;;;x
sickly_5;Sickly;Enfant maladif;Kränklich;;Enfermizo;;;;;;;;;x
sickly_5_desc;This child was born sickly and might not survive infancy.;Cet enfant est maladif et pourrait donc ne pas atteindre l'âge adulte.;Dieses Kind wurde kränklich geboren und wird vielleicht nicht lange leben;;Este niño nació enfermizo y podría no sobrevivir a la infancia.;;;;;;;;;x
sickly_5_death;a sickly infant;de son état maladif;als kränkliches Kind;;bebé enfermizo;;;;;;;;;x
sickly_4;Sickly;Enfant maladif;Kränklich;;Enfermizo;;;;;;;;;x
sickly_4_desc;This child was born sickly and might not survive infancy.;Cet enfant est maladif et pourrait donc ne pas atteindre l'âge adulte.;Dieses Kind wurde kränklich geboren und wird vielleicht nicht lange leben;;Este niño nació enfermizo y podría no sobrevivir a la infancia.;;;;;;;;;x
sickly_4_death;a sickly infant;de son état maladif;als kränkliches Kind;;bebé enfermizo;;;;;;;;;x
sickly_2;Sickly;Enfant maladif;Kränklich;;Enfermizo;;;;;;;;;x
sickly_2_desc;This child was born sickly and might not survive infancy.;Cet enfant est maladif et pourrait donc ne pas atteindre l'âge adulte.;Dieses Kind wurde kränklich geboren und wird vielleicht nicht lange leben;;Este niño nació enfermizo y podría no sobrevivir a la infancia.;;;;;;;;;x
sickly_2_death;a sickly infant;de son état maladif;als kränkliches Kind;;bebé enfermizo;;;;;;;;;x
quailfooted;Quailfooted;;;;;;;;;;;;;
quailfooted_desc;This character was born with a clubfoot - an unattractive disability.;Ce personnage est né avec un pied bot, une infirmité plutôt disgracieuse.;Dieser Charakter wurde mit einem Klumpfuß geboren, einer unansehnlichen Behinderung.;;Este personaje nació con pie zambo, una minusvalía nada atractiva.;;;;;;;;;
twisted;Twisted;;;;;;;;;;;;;
twisted_desc;This character was born with a twisted back, which is despised by vassals and ugly in the eyes of the opposite sex.;;;;;;;;;;;;;
cleft_lip;Cleft Lip;;;;;;;;;;;;;
cleft_lip_desc;This character was born with a cleft lip and palette - a less than charming trait.;;;;;;;;;;;;;
